<?xml version="1.0" encoding="UTF-8"?>
<simplicite xmlns:xsi="http://www.w3.org/2001/XMLSchema-instance" xmlns="http://www.simplicite.fr/base" xsi:schemaLocation="http://www.simplicite.fr/base https://www.simplicite.io/resources/schemas/base.xsd">
<object>
	<name>ISOCountry</name>
	<action>upsert</action>
	<data>
		<isoCtyName>Afghanistan</isoCtyName>
		<isoCtyCode2>AF</isoCtyCode2>
		<isoCtyCode3>AFG</isoCtyCode3>
		<isoCtyIndependent>1</isoCtyIndependent>
	</data>
	<data>
		<isoCtyName>Albania</isoCtyName>
		<isoCtyCode2>AL</isoCtyCode2>
		<isoCtyCode3>ALB</isoCtyCode3>
		<isoCtyIndependent>1</isoCtyIndependent>
	</data>
	<data>
		<isoCtyName>Algeria</isoCtyName>
		<isoCtyCode2>DZ</isoCtyCode2>
		<isoCtyCode3>DZA</isoCtyCode3>
		<isoCtyIndependent>1</isoCtyIndependent>
	</data>
	<data>
		<isoCtyName>American Samoa</isoCtyName>
		<isoCtyCode2>AS</isoCtyCode2>
		<isoCtyCode3>ASM</isoCtyCode3>
		<isoCtyIndependent>0</isoCtyIndependent>
	</data>
	<data>
		<isoCtyName>Andorra</isoCtyName>
		<isoCtyCode2>AD</isoCtyCode2>
		<isoCtyCode3>AND</isoCtyCode3>
		<isoCtyIndependent>1</isoCtyIndependent>
	</data>
	<data>
		<isoCtyName>Angola</isoCtyName>
		<isoCtyCode2>AO</isoCtyCode2>
		<isoCtyCode3>AGO</isoCtyCode3>
		<isoCtyIndependent>1</isoCtyIndependent>
	</data>
	<data>
		<isoCtyName>Anguilla</isoCtyName>
		<isoCtyCode2>AI</isoCtyCode2>
		<isoCtyCode3>AIA</isoCtyCode3>
		<isoCtyIndependent>0</isoCtyIndependent>
	</data>
	<data>
		<isoCtyName>Antarctica</isoCtyName>
		<isoCtyCode2>AQ</isoCtyCode2>
		<isoCtyCode3>ATA</isoCtyCode3>
		<isoCtyIndependent>0</isoCtyIndependent>
	</data>
	<data>
		<isoCtyName>Antigua and Barbuda</isoCtyName>
		<isoCtyCode2>AG</isoCtyCode2>
		<isoCtyCode3>ATG</isoCtyCode3>
		<isoCtyIndependent>1</isoCtyIndependent>
	</data>
	<data>
		<isoCtyName>Argentina</isoCtyName>
		<isoCtyCode2>AR</isoCtyCode2>
		<isoCtyCode3>ARG</isoCtyCode3>
		<isoCtyIndependent>1</isoCtyIndependent>
	</data>
	<data>
		<isoCtyName>Armenia</isoCtyName>
		<isoCtyCode2>AM</isoCtyCode2>
		<isoCtyCode3>ARM</isoCtyCode3>
		<isoCtyIndependent>1</isoCtyIndependent>
	</data>
	<data>
		<isoCtyName>Aruba</isoCtyName>
		<isoCtyCode2>AW</isoCtyCode2>
		<isoCtyCode3>ABW</isoCtyCode3>
		<isoCtyIndependent>0</isoCtyIndependent>
	</data>
	<data>
		<isoCtyName>Australia</isoCtyName>
		<isoCtyCode2>AU</isoCtyCode2>
		<isoCtyCode3>AUS</isoCtyCode3>
		<isoCtyIndependent>1</isoCtyIndependent>
	</data>
	<data>
		<isoCtyName>Austria</isoCtyName>
		<isoCtyCode2>AT</isoCtyCode2>
		<isoCtyCode3>AUT</isoCtyCode3>
		<isoCtyIndependent>1</isoCtyIndependent>
	</data>
	<data>
		<isoCtyName>Azerbaijan</isoCtyName>
		<isoCtyCode2>AZ</isoCtyCode2>
		<isoCtyCode3>AZE</isoCtyCode3>
		<isoCtyIndependent>1</isoCtyIndependent>
	</data>
	<data>
		<isoCtyName>Bahamas</isoCtyName>
		<isoCtyCode2>BS</isoCtyCode2>
		<isoCtyCode3>BHS</isoCtyCode3>
		<isoCtyIndependent>1</isoCtyIndependent>
	</data>
	<data>
		<isoCtyName>Bahrain</isoCtyName>
		<isoCtyCode2>BH</isoCtyCode2>
		<isoCtyCode3>BHR</isoCtyCode3>
		<isoCtyIndependent>1</isoCtyIndependent>
	</data>
	<data>
		<isoCtyName>Bangladesh</isoCtyName>
		<isoCtyCode2>BD</isoCtyCode2>
		<isoCtyCode3>BGD</isoCtyCode3>
		<isoCtyIndependent>1</isoCtyIndependent>
	</data>
	<data>
		<isoCtyName>Barbados</isoCtyName>
		<isoCtyCode2>BB</isoCtyCode2>
		<isoCtyCode3>BRB</isoCtyCode3>
		<isoCtyIndependent>1</isoCtyIndependent>
	</data>
	<data>
		<isoCtyName>Belarus</isoCtyName>
		<isoCtyCode2>BY</isoCtyCode2>
		<isoCtyCode3>BLR</isoCtyCode3>
		<isoCtyIndependent>1</isoCtyIndependent>
	</data>
	<data>
		<isoCtyName>Belgium</isoCtyName>
		<isoCtyCode2>BE</isoCtyCode2>
		<isoCtyCode3>BEL</isoCtyCode3>
		<isoCtyIndependent>1</isoCtyIndependent>
	</data>
	<data>
		<isoCtyName>Belize</isoCtyName>
		<isoCtyCode2>BZ</isoCtyCode2>
		<isoCtyCode3>BLZ</isoCtyCode3>
		<isoCtyIndependent>1</isoCtyIndependent>
	</data>
	<data>
		<isoCtyName>Benin</isoCtyName>
		<isoCtyCode2>BJ</isoCtyCode2>
		<isoCtyCode3>BEN</isoCtyCode3>
		<isoCtyIndependent>1</isoCtyIndependent>
	</data>
	<data>
		<isoCtyName>Bermuda</isoCtyName>
		<isoCtyCode2>BM</isoCtyCode2>
		<isoCtyCode3>BMU</isoCtyCode3>
		<isoCtyIndependent>0</isoCtyIndependent>
	</data>
	<data>
		<isoCtyName>Bhutan</isoCtyName>
		<isoCtyCode2>BT</isoCtyCode2>
		<isoCtyCode3>BTN</isoCtyCode3>
		<isoCtyIndependent>1</isoCtyIndependent>
	</data>
	<data>
		<isoCtyName>Bolivia (Plurinational State of)</isoCtyName>
		<isoCtyCode2>BO</isoCtyCode2>
		<isoCtyCode3>BOL</isoCtyCode3>
		<isoCtyIndependent>1</isoCtyIndependent>
	</data>
	<data>
		<isoCtyName>Bonaire, Sint Eustatius and Saba</isoCtyName>
		<isoCtyCode2>BQ</isoCtyCode2>
		<isoCtyCode3>BES</isoCtyCode3>
		<isoCtyIndependent>0</isoCtyIndependent>
	</data>
	<data>
		<isoCtyName>Bosnia and Herzegovina</isoCtyName>
		<isoCtyCode2>BA</isoCtyCode2>
		<isoCtyCode3>BIH</isoCtyCode3>
		<isoCtyIndependent>1</isoCtyIndependent>
	</data>
	<data>
		<isoCtyName>Botswana</isoCtyName>
		<isoCtyCode2>BW</isoCtyCode2>
		<isoCtyCode3>BWA</isoCtyCode3>
		<isoCtyIndependent>1</isoCtyIndependent>
	</data>
	<data>
		<isoCtyName>Bouvet Island</isoCtyName>
		<isoCtyCode2>BV</isoCtyCode2>
		<isoCtyCode3>BVT</isoCtyCode3>
		<isoCtyIndependent>0</isoCtyIndependent>
	</data>
	<data>
		<isoCtyName>Brazil</isoCtyName>
		<isoCtyCode2>BR</isoCtyCode2>
		<isoCtyCode3>BRA</isoCtyCode3>
		<isoCtyIndependent>1</isoCtyIndependent>
	</data>
	<data>
		<isoCtyName>British Indian Ocean Territory</isoCtyName>
		<isoCtyCode2>IO</isoCtyCode2>
		<isoCtyCode3>IOT</isoCtyCode3>
		<isoCtyIndependent>0</isoCtyIndependent>
	</data>
	<data>
		<isoCtyName>Brunei Darussalam</isoCtyName>
		<isoCtyCode2>BN</isoCtyCode2>
		<isoCtyCode3>BRN</isoCtyCode3>
		<isoCtyIndependent>1</isoCtyIndependent>
	</data>
	<data>
		<isoCtyName>Bulgaria</isoCtyName>
		<isoCtyCode2>BG</isoCtyCode2>
		<isoCtyCode3>BGR</isoCtyCode3>
		<isoCtyIndependent>1</isoCtyIndependent>
	</data>
	<data>
		<isoCtyName>Burkina Faso</isoCtyName>
		<isoCtyCode2>BF</isoCtyCode2>
		<isoCtyCode3>BFA</isoCtyCode3>
		<isoCtyIndependent>1</isoCtyIndependent>
	</data>
	<data>
		<isoCtyName>Burundi</isoCtyName>
		<isoCtyCode2>BI</isoCtyCode2>
		<isoCtyCode3>BDI</isoCtyCode3>
		<isoCtyIndependent>1</isoCtyIndependent>
	</data>
	<data>
		<isoCtyName>Cabo Verde</isoCtyName>
		<isoCtyCode2>CV</isoCtyCode2>
		<isoCtyCode3>CPV</isoCtyCode3>
		<isoCtyIndependent>1</isoCtyIndependent>
	</data>
	<data>
		<isoCtyName>Cambodia</isoCtyName>
		<isoCtyCode2>KH</isoCtyCode2>
		<isoCtyCode3>KHM</isoCtyCode3>
		<isoCtyIndependent>1</isoCtyIndependent>
	</data>
	<data>
		<isoCtyName>Cameroon</isoCtyName>
		<isoCtyCode2>CM</isoCtyCode2>
		<isoCtyCode3>CMR</isoCtyCode3>
		<isoCtyIndependent>1</isoCtyIndependent>
	</data>
	<data>
		<isoCtyName>Canada</isoCtyName>
		<isoCtyCode2>CA</isoCtyCode2>
		<isoCtyCode3>CAN</isoCtyCode3>
		<isoCtyIndependent>1</isoCtyIndependent>
	</data>
	<data>
		<isoCtyName>Cayman Islands</isoCtyName>
		<isoCtyCode2>KY</isoCtyCode2>
		<isoCtyCode3>CYM</isoCtyCode3>
		<isoCtyIndependent>0</isoCtyIndependent>
	</data>
	<data>
		<isoCtyName>Central African Republic</isoCtyName>
		<isoCtyCode2>CF</isoCtyCode2>
		<isoCtyCode3>CAF</isoCtyCode3>
		<isoCtyIndependent>1</isoCtyIndependent>
	</data>
	<data>
		<isoCtyName>Chad</isoCtyName>
		<isoCtyCode2>TD</isoCtyCode2>
		<isoCtyCode3>TCD</isoCtyCode3>
		<isoCtyIndependent>1</isoCtyIndependent>
	</data>
	<data>
		<isoCtyName>Chile</isoCtyName>
		<isoCtyCode2>CL</isoCtyCode2>
		<isoCtyCode3>CHL</isoCtyCode3>
		<isoCtyIndependent>1</isoCtyIndependent>
	</data>
	<data>
		<isoCtyName>China</isoCtyName>
		<isoCtyCode2>CN</isoCtyCode2>
		<isoCtyCode3>CHN</isoCtyCode3>
		<isoCtyIndependent>1</isoCtyIndependent>
	</data>
	<data>
		<isoCtyName>Christmas Island</isoCtyName>
		<isoCtyCode2>CX</isoCtyCode2>
		<isoCtyCode3>CXR</isoCtyCode3>
		<isoCtyIndependent>0</isoCtyIndependent>
	</data>
	<data>
		<isoCtyName>Cocos (Keeling) Islands</isoCtyName>
		<isoCtyCode2>CC</isoCtyCode2>
		<isoCtyCode3>CCK</isoCtyCode3>
		<isoCtyIndependent>0</isoCtyIndependent>
	</data>
	<data>
		<isoCtyName>Colombia</isoCtyName>
		<isoCtyCode2>CO</isoCtyCode2>
		<isoCtyCode3>COL</isoCtyCode3>
		<isoCtyIndependent>1</isoCtyIndependent>
	</data>
	<data>
		<isoCtyName>Comoros</isoCtyName>
		<isoCtyCode2>KM</isoCtyCode2>
		<isoCtyCode3>COM</isoCtyCode3>
		<isoCtyIndependent>1</isoCtyIndependent>
	</data>
	<data>
		<isoCtyName>Congo</isoCtyName>
		<isoCtyCode2>CG</isoCtyCode2>
		<isoCtyCode3>COG</isoCtyCode3>
		<isoCtyIndependent>1</isoCtyIndependent>
	</data>
	<data>
		<isoCtyName>Congo (Democratic Republic of the)</isoCtyName>
		<isoCtyCode2>CD</isoCtyCode2>
		<isoCtyCode3>COD</isoCtyCode3>
		<isoCtyIndependent>1</isoCtyIndependent>
	</data>
	<data>
		<isoCtyName>Cook Islands</isoCtyName>
		<isoCtyCode2>CK</isoCtyCode2>
		<isoCtyCode3>COK</isoCtyCode3>
		<isoCtyIndependent>0</isoCtyIndependent>
	</data>
	<data>
		<isoCtyName>Costa Rica</isoCtyName>
		<isoCtyCode2>CR</isoCtyCode2>
		<isoCtyCode3>CRI</isoCtyCode3>
		<isoCtyIndependent>1</isoCtyIndependent>
	</data>
	<data>
		<isoCtyName>Croatia</isoCtyName>
		<isoCtyCode2>HR</isoCtyCode2>
		<isoCtyCode3>HRV</isoCtyCode3>
		<isoCtyIndependent>1</isoCtyIndependent>
	</data>
	<data>
		<isoCtyName>Cuba</isoCtyName>
		<isoCtyCode2>CU</isoCtyCode2>
		<isoCtyCode3>CUB</isoCtyCode3>
		<isoCtyIndependent>1</isoCtyIndependent>
	</data>
	<data>
		<isoCtyName>Curaçao</isoCtyName>
		<isoCtyCode2>CW</isoCtyCode2>
		<isoCtyCode3>CUW</isoCtyCode3>
		<isoCtyIndependent>0</isoCtyIndependent>
	</data>
	<data>
		<isoCtyName>Cyprus</isoCtyName>
		<isoCtyCode2>CY</isoCtyCode2>
		<isoCtyCode3>CYP</isoCtyCode3>
		<isoCtyIndependent>1</isoCtyIndependent>
	</data>
	<data>
		<isoCtyName>Czechia</isoCtyName>
		<isoCtyCode2>CZ</isoCtyCode2>
		<isoCtyCode3>CZE</isoCtyCode3>
		<isoCtyIndependent>1</isoCtyIndependent>
	</data>
	<data>
		<isoCtyName>Côte d'Ivoire</isoCtyName>
		<isoCtyCode2>CI</isoCtyCode2>
		<isoCtyCode3>CIV</isoCtyCode3>
		<isoCtyIndependent>1</isoCtyIndependent>
	</data>
	<data>
		<isoCtyName>Denmark</isoCtyName>
		<isoCtyCode2>DK</isoCtyCode2>
		<isoCtyCode3>DNK</isoCtyCode3>
		<isoCtyIndependent>1</isoCtyIndependent>
	</data>
	<data>
		<isoCtyName>Djibouti</isoCtyName>
		<isoCtyCode2>DJ</isoCtyCode2>
		<isoCtyCode3>DJI</isoCtyCode3>
		<isoCtyIndependent>1</isoCtyIndependent>
	</data>
	<data>
		<isoCtyName>Dominica</isoCtyName>
		<isoCtyCode2>DM</isoCtyCode2>
		<isoCtyCode3>DMA</isoCtyCode3>
		<isoCtyIndependent>1</isoCtyIndependent>
	</data>
	<data>
		<isoCtyName>Dominican Republic</isoCtyName>
		<isoCtyCode2>DO</isoCtyCode2>
		<isoCtyCode3>DOM</isoCtyCode3>
		<isoCtyIndependent>1</isoCtyIndependent>
	</data>
	<data>
		<isoCtyName>Ecuador</isoCtyName>
		<isoCtyCode2>EC</isoCtyCode2>
		<isoCtyCode3>ECU</isoCtyCode3>
		<isoCtyIndependent>1</isoCtyIndependent>
	</data>
	<data>
		<isoCtyName>Egypt</isoCtyName>
		<isoCtyCode2>EG</isoCtyCode2>
		<isoCtyCode3>EGY</isoCtyCode3>
		<isoCtyIndependent>1</isoCtyIndependent>
	</data>
	<data>
		<isoCtyName>El Salvador</isoCtyName>
		<isoCtyCode2>SV</isoCtyCode2>
		<isoCtyCode3>SLV</isoCtyCode3>
		<isoCtyIndependent>1</isoCtyIndependent>
	</data>
	<data>
		<isoCtyName>Equatorial Guinea</isoCtyName>
		<isoCtyCode2>GQ</isoCtyCode2>
		<isoCtyCode3>GNQ</isoCtyCode3>
		<isoCtyIndependent>1</isoCtyIndependent>
	</data>
	<data>
		<isoCtyName>Eritrea</isoCtyName>
		<isoCtyCode2>ER</isoCtyCode2>
		<isoCtyCode3>ERI</isoCtyCode3>
		<isoCtyIndependent>1</isoCtyIndependent>
	</data>
	<data>
		<isoCtyName>Estonia</isoCtyName>
		<isoCtyCode2>EE</isoCtyCode2>
		<isoCtyCode3>EST</isoCtyCode3>
		<isoCtyIndependent>1</isoCtyIndependent>
	</data>
	<data>
		<isoCtyName>Ethiopia</isoCtyName>
		<isoCtyCode2>ET</isoCtyCode2>
		<isoCtyCode3>ETH</isoCtyCode3>
		<isoCtyIndependent>1</isoCtyIndependent>
	</data>
	<data>
		<isoCtyName>Falkland Islands (Malvinas)</isoCtyName>
		<isoCtyCode2>FK</isoCtyCode2>
		<isoCtyCode3>FLK</isoCtyCode3>
		<isoCtyIndependent>0</isoCtyIndependent>
	</data>
	<data>
		<isoCtyName>Faroe Islands</isoCtyName>
		<isoCtyCode2>FO</isoCtyCode2>
		<isoCtyCode3>FRO</isoCtyCode3>
		<isoCtyIndependent>0</isoCtyIndependent>
	</data>
	<data>
		<isoCtyName>Fiji</isoCtyName>
		<isoCtyCode2>FJ</isoCtyCode2>
		<isoCtyCode3>FJI</isoCtyCode3>
		<isoCtyIndependent>1</isoCtyIndependent>
	</data>
	<data>
		<isoCtyName>Finland</isoCtyName>
		<isoCtyCode2>FI</isoCtyCode2>
		<isoCtyCode3>FIN</isoCtyCode3>
		<isoCtyIndependent>1</isoCtyIndependent>
	</data>
	<data>
		<isoCtyName>France</isoCtyName>
		<isoCtyCode2>FR</isoCtyCode2>
		<isoCtyCode3>FRA</isoCtyCode3>
		<isoCtyIndependent>1</isoCtyIndependent>
	</data>
	<data>
		<isoCtyName>French Guiana</isoCtyName>
		<isoCtyCode2>GF</isoCtyCode2>
		<isoCtyCode3>GUF</isoCtyCode3>
		<isoCtyIndependent>0</isoCtyIndependent>
	</data>
	<data>
		<isoCtyName>French Polynesia</isoCtyName>
		<isoCtyCode2>PF</isoCtyCode2>
		<isoCtyCode3>PYF</isoCtyCode3>
		<isoCtyIndependent>0</isoCtyIndependent>
	</data>
	<data>
		<isoCtyName>French Southern Territories</isoCtyName>
		<isoCtyCode2>TF</isoCtyCode2>
		<isoCtyCode3>ATF</isoCtyCode3>
		<isoCtyIndependent>0</isoCtyIndependent>
	</data>
	<data>
		<isoCtyName>Gabon</isoCtyName>
		<isoCtyCode2>GA</isoCtyCode2>
		<isoCtyCode3>GAB</isoCtyCode3>
		<isoCtyIndependent>1</isoCtyIndependent>
	</data>
	<data>
		<isoCtyName>Gambia</isoCtyName>
		<isoCtyCode2>GM</isoCtyCode2>
		<isoCtyCode3>GMB</isoCtyCode3>
		<isoCtyIndependent>1</isoCtyIndependent>
	</data>
	<data>
		<isoCtyName>Georgia</isoCtyName>
		<isoCtyCode2>GE</isoCtyCode2>
		<isoCtyCode3>GEO</isoCtyCode3>
		<isoCtyIndependent>1</isoCtyIndependent>
	</data>
	<data>
		<isoCtyName>Germany</isoCtyName>
		<isoCtyCode2>DE</isoCtyCode2>
		<isoCtyCode3>DEU</isoCtyCode3>
		<isoCtyIndependent>1</isoCtyIndependent>
	</data>
	<data>
		<isoCtyName>Ghana</isoCtyName>
		<isoCtyCode2>GH</isoCtyCode2>
		<isoCtyCode3>GHA</isoCtyCode3>
		<isoCtyIndependent>1</isoCtyIndependent>
	</data>
	<data>
		<isoCtyName>Gibraltar</isoCtyName>
		<isoCtyCode2>GI</isoCtyCode2>
		<isoCtyCode3>GIB</isoCtyCode3>
		<isoCtyIndependent>0</isoCtyIndependent>
	</data>
	<data>
		<isoCtyName>Greece</isoCtyName>
		<isoCtyCode2>GR</isoCtyCode2>
		<isoCtyCode3>GRC</isoCtyCode3>
		<isoCtyIndependent>1</isoCtyIndependent>
	</data>
	<data>
		<isoCtyName>Greenland</isoCtyName>
		<isoCtyCode2>GL</isoCtyCode2>
		<isoCtyCode3>GRL</isoCtyCode3>
		<isoCtyIndependent>0</isoCtyIndependent>
	</data>
	<data>
		<isoCtyName>Grenada</isoCtyName>
		<isoCtyCode2>GD</isoCtyCode2>
		<isoCtyCode3>GRD</isoCtyCode3>
		<isoCtyIndependent>1</isoCtyIndependent>
	</data>
	<data>
		<isoCtyName>Guadeloupe</isoCtyName>
		<isoCtyCode2>GP</isoCtyCode2>
		<isoCtyCode3>GLP</isoCtyCode3>
		<isoCtyIndependent>0</isoCtyIndependent>
	</data>
	<data>
		<isoCtyName>Guam</isoCtyName>
		<isoCtyCode2>GU</isoCtyCode2>
		<isoCtyCode3>GUM</isoCtyCode3>
		<isoCtyIndependent>0</isoCtyIndependent>
	</data>
	<data>
		<isoCtyName>Guatemala</isoCtyName>
		<isoCtyCode2>GT</isoCtyCode2>
		<isoCtyCode3>GTM</isoCtyCode3>
		<isoCtyIndependent>1</isoCtyIndependent>
	</data>
	<data>
		<isoCtyName>Guernsey</isoCtyName>
		<isoCtyCode2>GG</isoCtyCode2>
		<isoCtyCode3>GGY</isoCtyCode3>
		<isoCtyIndependent>0</isoCtyIndependent>
	</data>
	<data>
		<isoCtyName>Guinea</isoCtyName>
		<isoCtyCode2>GN</isoCtyCode2>
		<isoCtyCode3>GIN</isoCtyCode3>
		<isoCtyIndependent>1</isoCtyIndependent>
	</data>
	<data>
		<isoCtyName>Guinea-Bissau</isoCtyName>
		<isoCtyCode2>GW</isoCtyCode2>
		<isoCtyCode3>GNB</isoCtyCode3>
		<isoCtyIndependent>1</isoCtyIndependent>
	</data>
	<data>
		<isoCtyName>Guyana</isoCtyName>
		<isoCtyCode2>GY</isoCtyCode2>
		<isoCtyCode3>GUY</isoCtyCode3>
		<isoCtyIndependent>1</isoCtyIndependent>
	</data>
	<data>
		<isoCtyName>Haiti</isoCtyName>
		<isoCtyCode2>HT</isoCtyCode2>
		<isoCtyCode3>HTI</isoCtyCode3>
		<isoCtyIndependent>1</isoCtyIndependent>
	</data>
	<data>
		<isoCtyName>Heard Island and McDonald Islands</isoCtyName>
		<isoCtyCode2>HM</isoCtyCode2>
		<isoCtyCode3>HMD</isoCtyCode3>
		<isoCtyIndependent>0</isoCtyIndependent>
	</data>
	<data>
		<isoCtyName>Holy See</isoCtyName>
		<isoCtyCode2>VA</isoCtyCode2>
		<isoCtyCode3>VAT</isoCtyCode3>
		<isoCtyIndependent>1</isoCtyIndependent>
	</data>
	<data>
		<isoCtyName>Honduras</isoCtyName>
		<isoCtyCode2>HN</isoCtyCode2>
		<isoCtyCode3>HND</isoCtyCode3>
		<isoCtyIndependent>1</isoCtyIndependent>
	</data>
	<data>
		<isoCtyName>Hong Kong</isoCtyName>
		<isoCtyCode2>HK</isoCtyCode2>
		<isoCtyCode3>HKG</isoCtyCode3>
		<isoCtyIndependent>0</isoCtyIndependent>
	</data>
	<data>
		<isoCtyName>Hungary</isoCtyName>
		<isoCtyCode2>HU</isoCtyCode2>
		<isoCtyCode3>HUN</isoCtyCode3>
		<isoCtyIndependent>1</isoCtyIndependent>
	</data>
	<data>
		<isoCtyName>Iceland</isoCtyName>
		<isoCtyCode2>IS</isoCtyCode2>
		<isoCtyCode3>ISL</isoCtyCode3>
		<isoCtyIndependent>1</isoCtyIndependent>
	</data>
	<data>
		<isoCtyName>India</isoCtyName>
		<isoCtyCode2>IN</isoCtyCode2>
		<isoCtyCode3>IND</isoCtyCode3>
		<isoCtyIndependent>1</isoCtyIndependent>
	</data>
	<data>
		<isoCtyName>Indonesia</isoCtyName>
		<isoCtyCode2>ID</isoCtyCode2>
		<isoCtyCode3>IDN</isoCtyCode3>
		<isoCtyIndependent>1</isoCtyIndependent>
	</data>
	<data>
		<isoCtyName>Iran (Islamic Republic of)</isoCtyName>
		<isoCtyCode2>IR</isoCtyCode2>
		<isoCtyCode3>IRN</isoCtyCode3>
		<isoCtyIndependent>1</isoCtyIndependent>
	</data>
	<data>
		<isoCtyName>Iraq</isoCtyName>
		<isoCtyCode2>IQ</isoCtyCode2>
		<isoCtyCode3>IRQ</isoCtyCode3>
		<isoCtyIndependent>1</isoCtyIndependent>
	</data>
	<data>
		<isoCtyName>Ireland</isoCtyName>
		<isoCtyCode2>IE</isoCtyCode2>
		<isoCtyCode3>IRL</isoCtyCode3>
		<isoCtyIndependent>1</isoCtyIndependent>
	</data>
	<data>
		<isoCtyName>Isle of Man</isoCtyName>
		<isoCtyCode2>IM</isoCtyCode2>
		<isoCtyCode3>IMN</isoCtyCode3>
		<isoCtyIndependent>0</isoCtyIndependent>
	</data>
	<data>
		<isoCtyName>Israel</isoCtyName>
		<isoCtyCode2>IL</isoCtyCode2>
		<isoCtyCode3>ISR</isoCtyCode3>
		<isoCtyIndependent>1</isoCtyIndependent>
	</data>
	<data>
		<isoCtyName>Italy</isoCtyName>
		<isoCtyCode2>IT</isoCtyCode2>
		<isoCtyCode3>ITA</isoCtyCode3>
		<isoCtyIndependent>1</isoCtyIndependent>
	</data>
	<data>
		<isoCtyName>Jamaica</isoCtyName>
		<isoCtyCode2>JM</isoCtyCode2>
		<isoCtyCode3>JAM</isoCtyCode3>
		<isoCtyIndependent>1</isoCtyIndependent>
	</data>
	<data>
		<isoCtyName>Japan</isoCtyName>
		<isoCtyCode2>JP</isoCtyCode2>
		<isoCtyCode3>JPN</isoCtyCode3>
		<isoCtyIndependent>1</isoCtyIndependent>
	</data>
	<data>
		<isoCtyName>Jersey</isoCtyName>
		<isoCtyCode2>JE</isoCtyCode2>
		<isoCtyCode3>JEY</isoCtyCode3>
		<isoCtyIndependent>0</isoCtyIndependent>
	</data>
	<data>
		<isoCtyName>Jordan</isoCtyName>
		<isoCtyCode2>JO</isoCtyCode2>
		<isoCtyCode3>JOR</isoCtyCode3>
		<isoCtyIndependent>1</isoCtyIndependent>
	</data>
	<data>
		<isoCtyName>Kazakhstan</isoCtyName>
		<isoCtyCode2>KZ</isoCtyCode2>
		<isoCtyCode3>KAZ</isoCtyCode3>
		<isoCtyIndependent>1</isoCtyIndependent>
	</data>
	<data>
		<isoCtyName>Kenya</isoCtyName>
		<isoCtyCode2>KE</isoCtyCode2>
		<isoCtyCode3>KEN</isoCtyCode3>
		<isoCtyIndependent>1</isoCtyIndependent>
	</data>
	<data>
		<isoCtyName>Kiribati</isoCtyName>
		<isoCtyCode2>KI</isoCtyCode2>
		<isoCtyCode3>KIR</isoCtyCode3>
		<isoCtyIndependent>1</isoCtyIndependent>
	</data>
	<data>
		<isoCtyName>Korea (Democratic People's Republic of)</isoCtyName>
		<isoCtyCode2>KP</isoCtyCode2>
		<isoCtyCode3>PRK</isoCtyCode3>
		<isoCtyIndependent>1</isoCtyIndependent>
	</data>
	<data>
		<isoCtyName>Korea (Republic of)</isoCtyName>
		<isoCtyCode2>KR</isoCtyCode2>
		<isoCtyCode3>KOR</isoCtyCode3>
		<isoCtyIndependent>1</isoCtyIndependent>
	</data>
	<data>
		<isoCtyName>Kuwait</isoCtyName>
		<isoCtyCode2>KW</isoCtyCode2>
		<isoCtyCode3>KWT</isoCtyCode3>
		<isoCtyIndependent>1</isoCtyIndependent>
	</data>
	<data>
		<isoCtyName>Kyrgyzstan</isoCtyName>
		<isoCtyCode2>KG</isoCtyCode2>
		<isoCtyCode3>KGZ</isoCtyCode3>
		<isoCtyIndependent>1</isoCtyIndependent>
	</data>
	<data>
		<isoCtyName>Lao People's Democratic Republic</isoCtyName>
		<isoCtyCode2>LA</isoCtyCode2>
		<isoCtyCode3>LAO</isoCtyCode3>
		<isoCtyIndependent>1</isoCtyIndependent>
	</data>
	<data>
		<isoCtyName>Latvia</isoCtyName>
		<isoCtyCode2>LV</isoCtyCode2>
		<isoCtyCode3>LVA</isoCtyCode3>
		<isoCtyIndependent>1</isoCtyIndependent>
	</data>
	<data>
		<isoCtyName>Lebanon</isoCtyName>
		<isoCtyCode2>LB</isoCtyCode2>
		<isoCtyCode3>LBN</isoCtyCode3>
		<isoCtyIndependent>1</isoCtyIndependent>
	</data>
	<data>
		<isoCtyName>Lesotho</isoCtyName>
		<isoCtyCode2>LS</isoCtyCode2>
		<isoCtyCode3>LSO</isoCtyCode3>
		<isoCtyIndependent>1</isoCtyIndependent>
	</data>
	<data>
		<isoCtyName>Liberia</isoCtyName>
		<isoCtyCode2>LR</isoCtyCode2>
		<isoCtyCode3>LBR</isoCtyCode3>
		<isoCtyIndependent>1</isoCtyIndependent>
	</data>
	<data>
		<isoCtyName>Libya</isoCtyName>
		<isoCtyCode2>LY</isoCtyCode2>
		<isoCtyCode3>LBY</isoCtyCode3>
		<isoCtyIndependent>1</isoCtyIndependent>
	</data>
	<data>
		<isoCtyName>Liechtenstein</isoCtyName>
		<isoCtyCode2>LI</isoCtyCode2>
		<isoCtyCode3>LIE</isoCtyCode3>
		<isoCtyIndependent>1</isoCtyIndependent>
	</data>
	<data>
		<isoCtyName>Lithuania</isoCtyName>
		<isoCtyCode2>LT</isoCtyCode2>
		<isoCtyCode3>LTU</isoCtyCode3>
		<isoCtyIndependent>1</isoCtyIndependent>
	</data>
	<data>
		<isoCtyName>Luxembourg</isoCtyName>
		<isoCtyCode2>LU</isoCtyCode2>
		<isoCtyCode3>LUX</isoCtyCode3>
		<isoCtyIndependent>1</isoCtyIndependent>
	</data>
	<data>
		<isoCtyName>Macao</isoCtyName>
		<isoCtyCode2>MO</isoCtyCode2>
		<isoCtyCode3>MAC</isoCtyCode3>
		<isoCtyIndependent>0</isoCtyIndependent>
	</data>
	<data>
		<isoCtyName>Macedonia (the former Yugoslav Republic of)</isoCtyName>
		<isoCtyCode2>MK</isoCtyCode2>
		<isoCtyCode3>MKD</isoCtyCode3>
		<isoCtyIndependent>1</isoCtyIndependent>
	</data>
	<data>
		<isoCtyName>Madagascar</isoCtyName>
		<isoCtyCode2>MG</isoCtyCode2>
		<isoCtyCode3>MDG</isoCtyCode3>
		<isoCtyIndependent>1</isoCtyIndependent>
	</data>
	<data>
		<isoCtyName>Malawi</isoCtyName>
		<isoCtyCode2>MW</isoCtyCode2>
		<isoCtyCode3>MWI</isoCtyCode3>
		<isoCtyIndependent>1</isoCtyIndependent>
	</data>
	<data>
		<isoCtyName>Malaysia</isoCtyName>
		<isoCtyCode2>MY</isoCtyCode2>
		<isoCtyCode3>MYS</isoCtyCode3>
		<isoCtyIndependent>1</isoCtyIndependent>
	</data>
	<data>
		<isoCtyName>Maldives</isoCtyName>
		<isoCtyCode2>MV</isoCtyCode2>
		<isoCtyCode3>MDV</isoCtyCode3>
		<isoCtyIndependent>1</isoCtyIndependent>
	</data>
	<data>
		<isoCtyName>Mali</isoCtyName>
		<isoCtyCode2>ML</isoCtyCode2>
		<isoCtyCode3>MLI</isoCtyCode3>
		<isoCtyIndependent>1</isoCtyIndependent>
	</data>
	<data>
		<isoCtyName>Malta</isoCtyName>
		<isoCtyCode2>MT</isoCtyCode2>
		<isoCtyCode3>MLT</isoCtyCode3>
		<isoCtyIndependent>1</isoCtyIndependent>
	</data>
	<data>
		<isoCtyName>Marshall Islands</isoCtyName>
		<isoCtyCode2>MH</isoCtyCode2>
		<isoCtyCode3>MHL</isoCtyCode3>
		<isoCtyIndependent>1</isoCtyIndependent>
	</data>
	<data>
		<isoCtyName>Martinique</isoCtyName>
		<isoCtyCode2>MQ</isoCtyCode2>
		<isoCtyCode3>MTQ</isoCtyCode3>
		<isoCtyIndependent>0</isoCtyIndependent>
	</data>
	<data>
		<isoCtyName>Mauritania</isoCtyName>
		<isoCtyCode2>MR</isoCtyCode2>
		<isoCtyCode3>MRT</isoCtyCode3>
		<isoCtyIndependent>1</isoCtyIndependent>
	</data>
	<data>
		<isoCtyName>Mauritius</isoCtyName>
		<isoCtyCode2>MU</isoCtyCode2>
		<isoCtyCode3>MUS</isoCtyCode3>
		<isoCtyIndependent>1</isoCtyIndependent>
	</data>
	<data>
		<isoCtyName>Mayotte</isoCtyName>
		<isoCtyCode2>YT</isoCtyCode2>
		<isoCtyCode3>MYT</isoCtyCode3>
		<isoCtyIndependent>0</isoCtyIndependent>
	</data>
	<data>
		<isoCtyName>Mexico</isoCtyName>
		<isoCtyCode2>MX</isoCtyCode2>
		<isoCtyCode3>MEX</isoCtyCode3>
		<isoCtyIndependent>1</isoCtyIndependent>
	</data>
	<data>
		<isoCtyName>Micronesia (Federated States of)</isoCtyName>
		<isoCtyCode2>FM</isoCtyCode2>
		<isoCtyCode3>FSM</isoCtyCode3>
		<isoCtyIndependent>1</isoCtyIndependent>
	</data>
	<data>
		<isoCtyName>Moldova (Republic of)</isoCtyName>
		<isoCtyCode2>MD</isoCtyCode2>
		<isoCtyCode3>MDA</isoCtyCode3>
		<isoCtyIndependent>1</isoCtyIndependent>
	</data>
	<data>
		<isoCtyName>Monaco</isoCtyName>
		<isoCtyCode2>MC</isoCtyCode2>
		<isoCtyCode3>MCO</isoCtyCode3>
		<isoCtyIndependent>1</isoCtyIndependent>
	</data>
	<data>
		<isoCtyName>Mongolia</isoCtyName>
		<isoCtyCode2>MN</isoCtyCode2>
		<isoCtyCode3>MNG</isoCtyCode3>
		<isoCtyIndependent>1</isoCtyIndependent>
	</data>
	<data>
		<isoCtyName>Montenegro</isoCtyName>
		<isoCtyCode2>ME</isoCtyCode2>
		<isoCtyCode3>MNE</isoCtyCode3>
		<isoCtyIndependent>1</isoCtyIndependent>
	</data>
	<data>
		<isoCtyName>Montserrat</isoCtyName>
		<isoCtyCode2>MS</isoCtyCode2>
		<isoCtyCode3>MSR</isoCtyCode3>
		<isoCtyIndependent>0</isoCtyIndependent>
	</data>
	<data>
		<isoCtyName>Morocco</isoCtyName>
		<isoCtyCode2>MA</isoCtyCode2>
		<isoCtyCode3>MAR</isoCtyCode3>
		<isoCtyIndependent>1</isoCtyIndependent>
	</data>
	<data>
		<isoCtyName>Mozambique</isoCtyName>
		<isoCtyCode2>MZ</isoCtyCode2>
		<isoCtyCode3>MOZ</isoCtyCode3>
		<isoCtyIndependent>1</isoCtyIndependent>
	</data>
	<data>
		<isoCtyName>Myanmar</isoCtyName>
		<isoCtyCode2>MM</isoCtyCode2>
		<isoCtyCode3>MMR</isoCtyCode3>
		<isoCtyIndependent>1</isoCtyIndependent>
	</data>
	<data>
		<isoCtyName>Namibia</isoCtyName>
		<isoCtyCode2>NA</isoCtyCode2>
		<isoCtyCode3>NAM</isoCtyCode3>
		<isoCtyIndependent>1</isoCtyIndependent>
	</data>
	<data>
		<isoCtyName>Nauru</isoCtyName>
		<isoCtyCode2>NR</isoCtyCode2>
		<isoCtyCode3>NRU</isoCtyCode3>
		<isoCtyIndependent>1</isoCtyIndependent>
	</data>
	<data>
		<isoCtyName>Nepal</isoCtyName>
		<isoCtyCode2>NP</isoCtyCode2>
		<isoCtyCode3>NPL</isoCtyCode3>
		<isoCtyIndependent>1</isoCtyIndependent>
	</data>
	<data>
		<isoCtyName>Netherlands</isoCtyName>
		<isoCtyCode2>NL</isoCtyCode2>
		<isoCtyCode3>NLD</isoCtyCode3>
		<isoCtyIndependent>1</isoCtyIndependent>
	</data>
	<data>
		<isoCtyName>New Caledonia</isoCtyName>
		<isoCtyCode2>NC</isoCtyCode2>
		<isoCtyCode3>NCL</isoCtyCode3>
		<isoCtyIndependent>0</isoCtyIndependent>
	</data>
	<data>
		<isoCtyName>New Zealand</isoCtyName>
		<isoCtyCode2>NZ</isoCtyCode2>
		<isoCtyCode3>NZL</isoCtyCode3>
		<isoCtyIndependent>1</isoCtyIndependent>
	</data>
	<data>
		<isoCtyName>Nicaragua</isoCtyName>
		<isoCtyCode2>NI</isoCtyCode2>
		<isoCtyCode3>NIC</isoCtyCode3>
		<isoCtyIndependent>1</isoCtyIndependent>
	</data>
	<data>
		<isoCtyName>Niger</isoCtyName>
		<isoCtyCode2>NE</isoCtyCode2>
		<isoCtyCode3>NER</isoCtyCode3>
		<isoCtyIndependent>1</isoCtyIndependent>
	</data>
	<data>
		<isoCtyName>Nigeria</isoCtyName>
		<isoCtyCode2>NG</isoCtyCode2>
		<isoCtyCode3>NGA</isoCtyCode3>
		<isoCtyIndependent>1</isoCtyIndependent>
	</data>
	<data>
		<isoCtyName>Niue</isoCtyName>
		<isoCtyCode2>NU</isoCtyCode2>
		<isoCtyCode3>NIU</isoCtyCode3>
		<isoCtyIndependent>0</isoCtyIndependent>
	</data>
	<data>
		<isoCtyName>Norfolk Island</isoCtyName>
		<isoCtyCode2>NF</isoCtyCode2>
		<isoCtyCode3>NFK</isoCtyCode3>
		<isoCtyIndependent>0</isoCtyIndependent>
	</data>
	<data>
		<isoCtyName>Northern Mariana Islands</isoCtyName>
		<isoCtyCode2>MP</isoCtyCode2>
		<isoCtyCode3>MNP</isoCtyCode3>
		<isoCtyIndependent>0</isoCtyIndependent>
	</data>
	<data>
		<isoCtyName>Norway</isoCtyName>
		<isoCtyCode2>NO</isoCtyCode2>
		<isoCtyCode3>NOR</isoCtyCode3>
		<isoCtyIndependent>1</isoCtyIndependent>
	</data>
	<data>
		<isoCtyName>Oman</isoCtyName>
		<isoCtyCode2>OM</isoCtyCode2>
		<isoCtyCode3>OMN</isoCtyCode3>
		<isoCtyIndependent>1</isoCtyIndependent>
	</data>
	<data>
		<isoCtyName>Pakistan</isoCtyName>
		<isoCtyCode2>PK</isoCtyCode2>
		<isoCtyCode3>PAK</isoCtyCode3>
		<isoCtyIndependent>1</isoCtyIndependent>
	</data>
	<data>
		<isoCtyName>Palau</isoCtyName>
		<isoCtyCode2>PW</isoCtyCode2>
		<isoCtyCode3>PLW</isoCtyCode3>
		<isoCtyIndependent>1</isoCtyIndependent>
	</data>
	<data>
		<isoCtyName>Palestine, State of</isoCtyName>
		<isoCtyCode2>PS</isoCtyCode2>
		<isoCtyCode3>PSE</isoCtyCode3>
		<isoCtyIndependent>0</isoCtyIndependent>
	</data>
	<data>
		<isoCtyName>Panama</isoCtyName>
		<isoCtyCode2>PA</isoCtyCode2>
		<isoCtyCode3>PAN</isoCtyCode3>
		<isoCtyIndependent>1</isoCtyIndependent>
	</data>
	<data>
		<isoCtyName>Papua New Guinea</isoCtyName>
		<isoCtyCode2>PG</isoCtyCode2>
		<isoCtyCode3>PNG</isoCtyCode3>
		<isoCtyIndependent>1</isoCtyIndependent>
	</data>
	<data>
		<isoCtyName>Paraguay</isoCtyName>
		<isoCtyCode2>PY</isoCtyCode2>
		<isoCtyCode3>PRY</isoCtyCode3>
		<isoCtyIndependent>1</isoCtyIndependent>
	</data>
	<data>
		<isoCtyName>Peru</isoCtyName>
		<isoCtyCode2>PE</isoCtyCode2>
		<isoCtyCode3>PER</isoCtyCode3>
		<isoCtyIndependent>1</isoCtyIndependent>
	</data>
	<data>
		<isoCtyName>Philippines</isoCtyName>
		<isoCtyCode2>PH</isoCtyCode2>
		<isoCtyCode3>PHL</isoCtyCode3>
		<isoCtyIndependent>1</isoCtyIndependent>
	</data>
	<data>
		<isoCtyName>Pitcairn</isoCtyName>
		<isoCtyCode2>PN</isoCtyCode2>
		<isoCtyCode3>PCN</isoCtyCode3>
		<isoCtyIndependent>0</isoCtyIndependent>
	</data>
	<data>
		<isoCtyName>Poland</isoCtyName>
		<isoCtyCode2>PL</isoCtyCode2>
		<isoCtyCode3>POL</isoCtyCode3>
		<isoCtyIndependent>1</isoCtyIndependent>
	</data>
	<data>
		<isoCtyName>Portugal</isoCtyName>
		<isoCtyCode2>PT</isoCtyCode2>
		<isoCtyCode3>PRT</isoCtyCode3>
		<isoCtyIndependent>1</isoCtyIndependent>
	</data>
	<data>
		<isoCtyName>Puerto Rico</isoCtyName>
		<isoCtyCode2>PR</isoCtyCode2>
		<isoCtyCode3>PRI</isoCtyCode3>
		<isoCtyIndependent>0</isoCtyIndependent>
	</data>
	<data>
		<isoCtyName>Qatar</isoCtyName>
		<isoCtyCode2>QA</isoCtyCode2>
		<isoCtyCode3>QAT</isoCtyCode3>
		<isoCtyIndependent>1</isoCtyIndependent>
	</data>
	<data>
		<isoCtyName>Romania</isoCtyName>
		<isoCtyCode2>RO</isoCtyCode2>
		<isoCtyCode3>ROU</isoCtyCode3>
		<isoCtyIndependent>1</isoCtyIndependent>
	</data>
	<data>
		<isoCtyName>Russian Federation</isoCtyName>
		<isoCtyCode2>RU</isoCtyCode2>
		<isoCtyCode3>RUS</isoCtyCode3>
		<isoCtyIndependent>1</isoCtyIndependent>
	</data>
	<data>
		<isoCtyName>Rwanda</isoCtyName>
		<isoCtyCode2>RW</isoCtyCode2>
		<isoCtyCode3>RWA</isoCtyCode3>
		<isoCtyIndependent>1</isoCtyIndependent>
	</data>
	<data>
		<isoCtyName>Réunion</isoCtyName>
		<isoCtyCode2>RE</isoCtyCode2>
		<isoCtyCode3>REU</isoCtyCode3>
		<isoCtyIndependent>0</isoCtyIndependent>
	</data>
	<data>
		<isoCtyName>Saint Barthâ€šlemy</isoCtyName>
		<isoCtyCode2>BL</isoCtyCode2>
		<isoCtyCode3>BLM</isoCtyCode3>
		<isoCtyIndependent>0</isoCtyIndependent>
	</data>
	<data>
		<isoCtyName>Saint Helena, Ascension and Tristan da Cunha</isoCtyName>
		<isoCtyCode2>SH</isoCtyCode2>
		<isoCtyCode3>SHN</isoCtyCode3>
		<isoCtyIndependent>0</isoCtyIndependent>
	</data>
	<data>
		<isoCtyName>Saint Kitts and Nevis</isoCtyName>
		<isoCtyCode2>KN</isoCtyCode2>
		<isoCtyCode3>KNA</isoCtyCode3>
		<isoCtyIndependent>1</isoCtyIndependent>
	</data>
	<data>
		<isoCtyName>Saint Lucia</isoCtyName>
		<isoCtyCode2>LC</isoCtyCode2>
		<isoCtyCode3>LCA</isoCtyCode3>
		<isoCtyIndependent>1</isoCtyIndependent>
	</data>
	<data>
		<isoCtyName>Saint Martin (French part)</isoCtyName>
		<isoCtyCode2>MF</isoCtyCode2>
		<isoCtyCode3>MAF</isoCtyCode3>
		<isoCtyIndependent>0</isoCtyIndependent>
	</data>
	<data>
		<isoCtyName>Saint Pierre and Miquelon</isoCtyName>
		<isoCtyCode2>PM</isoCtyCode2>
		<isoCtyCode3>SPM</isoCtyCode3>
		<isoCtyIndependent>0</isoCtyIndependent>
	</data>
	<data>
		<isoCtyName>Saint Vincent and the Grenadines</isoCtyName>
		<isoCtyCode2>VC</isoCtyCode2>
		<isoCtyCode3>VCT</isoCtyCode3>
		<isoCtyIndependent>1</isoCtyIndependent>
	</data>
	<data>
		<isoCtyName>Samoa</isoCtyName>
		<isoCtyCode2>WS</isoCtyCode2>
		<isoCtyCode3>WSM</isoCtyCode3>
		<isoCtyIndependent>1</isoCtyIndependent>
	</data>
	<data>
		<isoCtyName>San Marino</isoCtyName>
		<isoCtyCode2>SM</isoCtyCode2>
		<isoCtyCode3>SMR</isoCtyCode3>
		<isoCtyIndependent>1</isoCtyIndependent>
	</data>
	<data>
		<isoCtyName>Sao Tome and Principe</isoCtyName>
		<isoCtyCode2>ST</isoCtyCode2>
		<isoCtyCode3>STP</isoCtyCode3>
		<isoCtyIndependent>1</isoCtyIndependent>
	</data>
	<data>
		<isoCtyName>Saudi Arabia</isoCtyName>
		<isoCtyCode2>SA</isoCtyCode2>
		<isoCtyCode3>SAU</isoCtyCode3>
		<isoCtyIndependent>1</isoCtyIndependent>
	</data>
	<data>
		<isoCtyName>Senegal</isoCtyName>
		<isoCtyCode2>SN</isoCtyCode2>
		<isoCtyCode3>SEN</isoCtyCode3>
		<isoCtyIndependent>1</isoCtyIndependent>
	</data>
	<data>
		<isoCtyName>Serbia</isoCtyName>
		<isoCtyCode2>RS</isoCtyCode2>
		<isoCtyCode3>SRB</isoCtyCode3>
		<isoCtyIndependent>1</isoCtyIndependent>
	</data>
	<data>
		<isoCtyName>Seychelles</isoCtyName>
		<isoCtyCode2>SC</isoCtyCode2>
		<isoCtyCode3>SYC</isoCtyCode3>
		<isoCtyIndependent>1</isoCtyIndependent>
	</data>
	<data>
		<isoCtyName>Sierra Leone</isoCtyName>
		<isoCtyCode2>SL</isoCtyCode2>
		<isoCtyCode3>SLE</isoCtyCode3>
		<isoCtyIndependent>1</isoCtyIndependent>
	</data>
	<data>
		<isoCtyName>Singapore</isoCtyName>
		<isoCtyCode2>SG</isoCtyCode2>
		<isoCtyCode3>SGP</isoCtyCode3>
		<isoCtyIndependent>1</isoCtyIndependent>
	</data>
	<data>
		<isoCtyName>Sint Maarten (Dutch part)</isoCtyName>
		<isoCtyCode2>SX</isoCtyCode2>
		<isoCtyCode3>SXM</isoCtyCode3>
		<isoCtyIndependent>0</isoCtyIndependent>
	</data>
	<data>
		<isoCtyName>Slovakia</isoCtyName>
		<isoCtyCode2>SK</isoCtyCode2>
		<isoCtyCode3>SVK</isoCtyCode3>
		<isoCtyIndependent>1</isoCtyIndependent>
	</data>
	<data>
		<isoCtyName>Slovenia</isoCtyName>
		<isoCtyCode2>SI</isoCtyCode2>
		<isoCtyCode3>SVN</isoCtyCode3>
		<isoCtyIndependent>1</isoCtyIndependent>
	</data>
	<data>
		<isoCtyName>Solomon Islands</isoCtyName>
		<isoCtyCode2>SB</isoCtyCode2>
		<isoCtyCode3>SLB</isoCtyCode3>
		<isoCtyIndependent>1</isoCtyIndependent>
	</data>
	<data>
		<isoCtyName>Somalia</isoCtyName>
		<isoCtyCode2>SO</isoCtyCode2>
		<isoCtyCode3>SOM</isoCtyCode3>
		<isoCtyIndependent>1</isoCtyIndependent>
	</data>
	<data>
		<isoCtyName>South Africa</isoCtyName>
		<isoCtyCode2>ZA</isoCtyCode2>
		<isoCtyCode3>ZAF</isoCtyCode3>
		<isoCtyIndependent>1</isoCtyIndependent>
	</data>
	<data>
		<isoCtyName>South Georgia and the South Sandwich Islands</isoCtyName>
		<isoCtyCode2>GS</isoCtyCode2>
		<isoCtyCode3>SGS</isoCtyCode3>
		<isoCtyIndependent>0</isoCtyIndependent>
	</data>
	<data>
		<isoCtyName>South Sudan</isoCtyName>
		<isoCtyCode2>SS</isoCtyCode2>
		<isoCtyCode3>SSD</isoCtyCode3>
		<isoCtyIndependent>1</isoCtyIndependent>
	</data>
	<data>
		<isoCtyName>Spain</isoCtyName>
		<isoCtyCode2>ES</isoCtyCode2>
		<isoCtyCode3>ESP</isoCtyCode3>
		<isoCtyIndependent>1</isoCtyIndependent>
	</data>
	<data>
		<isoCtyName>Sri Lanka</isoCtyName>
		<isoCtyCode2>LK</isoCtyCode2>
		<isoCtyCode3>LKA</isoCtyCode3>
		<isoCtyIndependent>1</isoCtyIndependent>
	</data>
	<data>
		<isoCtyName>Sudan</isoCtyName>
		<isoCtyCode2>SD</isoCtyCode2>
		<isoCtyCode3>SDN</isoCtyCode3>
		<isoCtyIndependent>1</isoCtyIndependent>
	</data>
	<data>
		<isoCtyName>Suriname</isoCtyName>
		<isoCtyCode2>SR</isoCtyCode2>
		<isoCtyCode3>SUR</isoCtyCode3>
		<isoCtyIndependent>1</isoCtyIndependent>
	</data>
	<data>
		<isoCtyName>Svalbard and Jan Mayen</isoCtyName>
		<isoCtyCode2>SJ</isoCtyCode2>
		<isoCtyCode3>SJM</isoCtyCode3>
		<isoCtyIndependent>0</isoCtyIndependent>
	</data>
	<data>
		<isoCtyName>Swaziland</isoCtyName>
		<isoCtyCode2>SZ</isoCtyCode2>
		<isoCtyCode3>SWZ</isoCtyCode3>
		<isoCtyIndependent>1</isoCtyIndependent>
	</data>
	<data>
		<isoCtyName>Sweden</isoCtyName>
		<isoCtyCode2>SE</isoCtyCode2>
		<isoCtyCode3>SWE</isoCtyCode3>
		<isoCtyIndependent>1</isoCtyIndependent>
	</data>
	<data>
		<isoCtyName>Switzerland</isoCtyName>
		<isoCtyCode2>CH</isoCtyCode2>
		<isoCtyCode3>CHE</isoCtyCode3>
		<isoCtyIndependent>1</isoCtyIndependent>
	</data>
	<data>
		<isoCtyName>Syrian Arab Republic</isoCtyName>
		<isoCtyCode2>SY</isoCtyCode2>
		<isoCtyCode3>SYR</isoCtyCode3>
		<isoCtyIndependent>1</isoCtyIndependent>
	</data>
	<data>
		<isoCtyName><![CDATA[Taiwan, Province of China[a]]]></isoCtyName>
		<isoCtyCode2>TW</isoCtyCode2>
		<isoCtyCode3>TWN</isoCtyCode3>
		<isoCtyIndependent>0</isoCtyIndependent>
	</data>
	<data>
		<isoCtyName>Tajikistan</isoCtyName>
		<isoCtyCode2>TJ</isoCtyCode2>
		<isoCtyCode3>TJK</isoCtyCode3>
		<isoCtyIndependent>1</isoCtyIndependent>
	</data>
	<data>
		<isoCtyName>Tanzania, United Republic of</isoCtyName>
		<isoCtyCode2>TZ</isoCtyCode2>
		<isoCtyCode3>TZA</isoCtyCode3>
		<isoCtyIndependent>1</isoCtyIndependent>
	</data>
	<data>
		<isoCtyName>Thailand</isoCtyName>
		<isoCtyCode2>TH</isoCtyCode2>
		<isoCtyCode3>THA</isoCtyCode3>
		<isoCtyIndependent>1</isoCtyIndependent>
	</data>
	<data>
		<isoCtyName>Timor-Leste</isoCtyName>
		<isoCtyCode2>TL</isoCtyCode2>
		<isoCtyCode3>TLS</isoCtyCode3>
		<isoCtyIndependent>1</isoCtyIndependent>
	</data>
	<data>
		<isoCtyName>Togo</isoCtyName>
		<isoCtyCode2>TG</isoCtyCode2>
		<isoCtyCode3>TGO</isoCtyCode3>
		<isoCtyIndependent>1</isoCtyIndependent>
	</data>
	<data>
		<isoCtyName>Tokelau</isoCtyName>
		<isoCtyCode2>TK</isoCtyCode2>
		<isoCtyCode3>TKL</isoCtyCode3>
		<isoCtyIndependent>0</isoCtyIndependent>
	</data>
	<data>
		<isoCtyName>Tonga</isoCtyName>
		<isoCtyCode2>TO</isoCtyCode2>
		<isoCtyCode3>TON</isoCtyCode3>
		<isoCtyIndependent>1</isoCtyIndependent>
	</data>
	<data>
		<isoCtyName>Trinidad and Tobago</isoCtyName>
		<isoCtyCode2>TT</isoCtyCode2>
		<isoCtyCode3>TTO</isoCtyCode3>
		<isoCtyIndependent>1</isoCtyIndependent>
	</data>
	<data>
		<isoCtyName>Tunisia</isoCtyName>
		<isoCtyCode2>TN</isoCtyCode2>
		<isoCtyCode3>TUN</isoCtyCode3>
		<isoCtyIndependent>1</isoCtyIndependent>
	</data>
	<data>
		<isoCtyName>Turkey</isoCtyName>
		<isoCtyCode2>TR</isoCtyCode2>
		<isoCtyCode3>TUR</isoCtyCode3>
		<isoCtyIndependent>1</isoCtyIndependent>
	</data>
	<data>
		<isoCtyName>Turkmenistan</isoCtyName>
		<isoCtyCode2>TM</isoCtyCode2>
		<isoCtyCode3>TKM</isoCtyCode3>
		<isoCtyIndependent>1</isoCtyIndependent>
	</data>
	<data>
		<isoCtyName>Turks and Caicos Islands</isoCtyName>
		<isoCtyCode2>TC</isoCtyCode2>
		<isoCtyCode3>TCA</isoCtyCode3>
		<isoCtyIndependent>0</isoCtyIndependent>
	</data>
	<data>
		<isoCtyName>Tuvalu</isoCtyName>
		<isoCtyCode2>TV</isoCtyCode2>
		<isoCtyCode3>TUV</isoCtyCode3>
		<isoCtyIndependent>1</isoCtyIndependent>
	</data>
	<data>
		<isoCtyName>Uganda</isoCtyName>
		<isoCtyCode2>UG</isoCtyCode2>
		<isoCtyCode3>UGA</isoCtyCode3>
		<isoCtyIndependent>1</isoCtyIndependent>
	</data>
	<data>
		<isoCtyName>Ukraine</isoCtyName>
		<isoCtyCode2>UA</isoCtyCode2>
		<isoCtyCode3>UKR</isoCtyCode3>
		<isoCtyIndependent>1</isoCtyIndependent>
	</data>
	<data>
		<isoCtyName>United Arab Emirates</isoCtyName>
		<isoCtyCode2>AE</isoCtyCode2>
		<isoCtyCode3>ARE</isoCtyCode3>
		<isoCtyIndependent>1</isoCtyIndependent>
	</data>
	<data>
		<isoCtyName>United Kingdom of Great Britain and Northern Ireland</isoCtyName>
		<isoCtyCode2>GB</isoCtyCode2>
		<isoCtyCode3>GBR</isoCtyCode3>
		<isoCtyIndependent>1</isoCtyIndependent>
	</data>
	<data>
		<isoCtyName>United States Minor Outlying Islands</isoCtyName>
		<isoCtyCode2>UM</isoCtyCode2>
		<isoCtyCode3>UMI</isoCtyCode3>
		<isoCtyIndependent>0</isoCtyIndependent>
	</data>
	<data>
		<isoCtyName>United States of America</isoCtyName>
		<isoCtyCode2>US</isoCtyCode2>
		<isoCtyCode3>USA</isoCtyCode3>
		<isoCtyIndependent>1</isoCtyIndependent>
	</data>
	<data>
		<isoCtyName>Uruguay</isoCtyName>
		<isoCtyCode2>UY</isoCtyCode2>
		<isoCtyCode3>URY</isoCtyCode3>
		<isoCtyIndependent>1</isoCtyIndependent>
	</data>
	<data>
		<isoCtyName>Uzbekistan</isoCtyName>
		<isoCtyCode2>UZ</isoCtyCode2>
		<isoCtyCode3>UZB</isoCtyCode3>
		<isoCtyIndependent>1</isoCtyIndependent>
	</data>
	<data>
		<isoCtyName>Vanuatu</isoCtyName>
		<isoCtyCode2>VU</isoCtyCode2>
		<isoCtyCode3>VUT</isoCtyCode3>
		<isoCtyIndependent>1</isoCtyIndependent>
	</data>
	<data>
		<isoCtyName>Venezuela (Bolivarian Republic of)</isoCtyName>
		<isoCtyCode2>VE</isoCtyCode2>
		<isoCtyCode3>VEN</isoCtyCode3>
		<isoCtyIndependent>1</isoCtyIndependent>
	</data>
	<data>
		<isoCtyName>Viet Nam</isoCtyName>
		<isoCtyCode2>VN</isoCtyCode2>
		<isoCtyCode3>VNM</isoCtyCode3>
		<isoCtyIndependent>1</isoCtyIndependent>
	</data>
	<data>
		<isoCtyName>Virgin Islands (British)</isoCtyName>
		<isoCtyCode2>VG</isoCtyCode2>
		<isoCtyCode3>VGB</isoCtyCode3>
		<isoCtyIndependent>0</isoCtyIndependent>
	</data>
	<data>
		<isoCtyName>Virgin Islands (U.S.)</isoCtyName>
		<isoCtyCode2>VI</isoCtyCode2>
		<isoCtyCode3>VIR</isoCtyCode3>
		<isoCtyIndependent>0</isoCtyIndependent>
	</data>
	<data>
		<isoCtyName>Wallis and Futuna</isoCtyName>
		<isoCtyCode2>WF</isoCtyCode2>
		<isoCtyCode3>WLF</isoCtyCode3>
		<isoCtyIndependent>0</isoCtyIndependent>
	</data>
	<data>
		<isoCtyName>Western Sahara</isoCtyName>
		<isoCtyCode2>EH</isoCtyCode2>
		<isoCtyCode3>ESH</isoCtyCode3>
		<isoCtyIndependent>0</isoCtyIndependent>
	</data>
	<data>
		<isoCtyName>Yemen</isoCtyName>
		<isoCtyCode2>YE</isoCtyCode2>
		<isoCtyCode3>YEM</isoCtyCode3>
		<isoCtyIndependent>1</isoCtyIndependent>
	</data>
	<data>
		<isoCtyName>Zambia</isoCtyName>
		<isoCtyCode2>ZM</isoCtyCode2>
		<isoCtyCode3>ZMB</isoCtyCode3>
		<isoCtyIndependent>1</isoCtyIndependent>
	</data>
	<data>
		<isoCtyName>Zimbabwe</isoCtyName>
		<isoCtyCode2>ZW</isoCtyCode2>
		<isoCtyCode3>ZWE</isoCtyCode3>
		<isoCtyIndependent>1</isoCtyIndependent>
	</data>
	<data>
		<isoCtyName>Âland Islands</isoCtyName>
		<isoCtyCode2>AX</isoCtyCode2>
		<isoCtyCode3>ALA</isoCtyCode3>
		<isoCtyIndependent>0</isoCtyIndependent>
	</data>
</object>
</simplicite>